{
  "properties": {
    "connectionReferences": {
      "shared_webcontents": {
        "runtimeSource": "invoker",
        "connection": {
          "connectionReferenceLogicalName": "ya_sharedwebcontents_5483d"
        },
        "api": {
          "name": "shared_webcontents"
        }
      },
      "shared_commondataserviceforapps": {
        "runtimeSource": "embedded",
        "connection": {
          "connectionReferenceLogicalName": "ya_sharedcommondataserviceforapps_3385a"
        },
        "api": {
          "name": "shared_commondataserviceforapps"
        }
      }
    },
    "definition": {
      "$schema": "https://schema.management.azure.com/providers/Microsoft.Logic/schemas/2016-06-01/workflowdefinition.json#",
      "contentVersion": "1.0.0.0",
      "parameters": {
        "$connections": {
          "defaultValue": {},
          "type": "Object"
        },
        "$authentication": {
          "defaultValue": {},
          "type": "SecureObject"
        }
      },
      "triggers": {
        "manual": {
          "metadata": {
            "operationMetadataId": "6ae2c754-a522-4ec2-bc56-671fd17fe4af"
          },
          "type": "Request",
          "kind": "Button",
          "inputs": {
            "schema": {
              "type": "object",
              "properties": {},
              "required": []
            }
          }
        }
      },
      "actions": {
        "定数": {
          "actions": {
            "LogicalName": {
              "runAfter": {
                "SchemaName": [
                  "Succeeded"
                ]
              },
              "metadata": {
                "operationMetadataId": "fc79fe3e-5d1e-46de-a0f5-b54bd2a4d74c"
              },
              "type": "Compose",
              "inputs": "@toLower(outputs('SchemaName'))",
              "description": "toLower(outputs('SchemaName'))"
            },
            "EntitySetName": {
              "runAfter": {
                "LogicalName": [
                  "Succeeded"
                ]
              },
              "metadata": {
                "operationMetadataId": "814056c2-802e-468f-8bd3-a9d681b6aedf"
              },
              "type": "Compose",
              "inputs": "@{outputs('LogicalName')}s",
              "description": "@{outputs('LogicalName')}s"
            },
            "テーブル名_比較": {
              "runAfter": {
                "EntitySetName": [
                  "Succeeded"
                ]
              },
              "metadata": {
                "operationMetadataId": "405a74ff-1d3d-41dc-b64c-33f20574688d"
              },
              "type": "Compose",
              "inputs": {
                "SchemaName": "@{outputs('SchemaName')}",
                "LogicalName": "@{outputs('LogicalName')}",
                "EntitySetName": "@{outputs('EntitySetName')}"
              }
            },
            "Prefer_FormattedValue": {
              "runAfter": {
                "Prefer_Morerecords": [
                  "Succeeded"
                ]
              },
              "metadata": {
                "operationMetadataId": "6bccdb6b-a7dd-4c89-8b17-839466725be9"
              },
              "type": "Compose",
              "inputs": "odata.include-annotations=\"OData.Community.Display.V1.FormattedValue\""
            },
            "Prefer_Morerecords": {
              "runAfter": {
                "OrganizationURI": [
                  "Succeeded"
                ]
              },
              "metadata": {
                "operationMetadataId": "02585294-d49a-4a79-9d1f-767b271cc7a9"
              },
              "type": "Compose",
              "inputs": "odata.include-annotations=\"Microsoft.Dynamics.CRM.fetchxmlpagingcookie,Microsoft.Dynamics.CRM.morerecords\""
            },
            "OrganizationURI": {
              "runAfter": {},
              "metadata": {
                "operationMetadataId": "88a0c710-8cc2-4506-bd50-0c8aa52aea5e"
              },
              "type": "Compose",
              "inputs": "https://orgfa5b0cd9.crm7.dynamics.com"
            },
            "SchemaName": {
              "runAfter": {
                "Prefer_FormattedValue": [
                  "Succeeded"
                ]
              },
              "metadata": {
                "operationMetadataId": "f7dd1ba3-5481-42dc-a201-08399b7407a8"
              },
              "type": "Compose",
              "inputs": "ya_Member"
            }
          },
          "runAfter": {},
          "metadata": {
            "operationMetadataId": "5506a25a-fa10-4085-a148-dd9acb55645c"
          },
          "type": "Scope"
        },
        "条件": {
          "actions": {},
          "runAfter": {
            "定数": [
              "Succeeded"
            ]
          },
          "else": {
            "actions": {
              "行数の制限": {
                "actions": {
                  "行数の制限_行を一覧にする": {
                    "runAfter": {},
                    "metadata": {
                      "operationMetadataId": "bf994ed1-6fcb-453e-b3a6-76c563f3679d"
                    },
                    "type": "OpenApiConnection",
                    "inputs": {
                      "host": {
                        "connectionName": "shared_webcontents",
                        "operationId": "InvokeHttp",
                        "apiId": "/providers/Microsoft.PowerApps/apis/shared_webcontents"
                      },
                      "parameters": {
                        "request/method": "GET",
                        "request/url": "@{outputs('OrganizationURI')}/api/data/v9.2/@{outputs('EntitySetName')}?$top=5",
                        "request/headers": {
                          "Content-Type": "application/json; charset=utf-8",
                          "OData-MaxVersion": "4.0",
                          "OData-Version": "4.0",
                          "Accept": "application/json"
                        }
                      },
                      "authentication": {
                        "type": "Raw",
                        "value": "@json(decodeBase64(triggerOutputs().headers['X-MS-APIM-Tokens']))['$ConnectionKey']"
                      }
                    },
                    "description": "@{outputs('OrganizationURI')}/api/data/v9.2/@{outputs('EntitySetName')}?$top=5"
                  },
                  "行数の制限_行を一覧にする_bak": {
                    "runAfter": {},
                    "metadata": {
                      "operationMetadataId": "bf25a49a-e1ae-457a-9ee8-9f5e730ab7cc"
                    },
                    "type": "OpenApiConnection",
                    "inputs": {
                      "host": {
                        "connectionName": "shared_commondataserviceforapps",
                        "operationId": "ListRecords",
                        "apiId": "/providers/Microsoft.PowerApps/apis/shared_commondataserviceforapps"
                      },
                      "parameters": {
                        "entityName": "@outputs('EntitySetName')",
                        "$top": 5
                      },
                      "authentication": {
                        "type": "Raw",
                        "value": "@json(decodeBase64(triggerOutputs().headers['X-MS-APIM-Tokens']))['$ConnectionKey']"
                      }
                    }
                  }
                },
                "runAfter": {},
                "metadata": {
                  "operationMetadataId": "d6438193-2ecb-4e63-9f9b-30bd208d45ad"
                },
                "type": "Scope"
              },
              "列の制限": {
                "actions": {
                  "列の制限_行を一覧にする": {
                    "runAfter": {},
                    "metadata": {
                      "operationMetadataId": "bf994ed1-6fcb-453e-b3a6-76c563f3679d"
                    },
                    "type": "OpenApiConnection",
                    "inputs": {
                      "host": {
                        "connectionName": "shared_webcontents",
                        "operationId": "InvokeHttp",
                        "apiId": "/providers/Microsoft.PowerApps/apis/shared_webcontents"
                      },
                      "parameters": {
                        "request/method": "GET",
                        "request/url": "@{outputs('OrganizationURI')}/api/data/v9.2/@{outputs('EntitySetName')}?$select=ya_column01,ya_column02,ya_column03,ya_column06,ya_column12,ya_column14,ya_e",
                        "request/headers": {
                          "Content-Type": "application/json; charset=utf-8",
                          "OData-MaxVersion": "4.0",
                          "OData-Version": "4.0",
                          "Accept": "application/json",
                          "Prefer": "odata.include-annotations=\"OData.Community.Display.V1.FormattedValue\""
                        }
                      },
                      "authentication": {
                        "type": "Raw",
                        "value": "@json(decodeBase64(triggerOutputs().headers['X-MS-APIM-Tokens']))['$ConnectionKey']"
                      }
                    },
                    "description": "@{outputs('OrganizationURI')}/api/data/v9.2/@{outputs('EntitySetName')}?$select=ya_column01,ya_column02,ya_column03,ya_column06,ya_column12,ya_column14,ya_e"
                  },
                  "列の制限_行を一覧にする_bak": {
                    "runAfter": {},
                    "metadata": {
                      "operationMetadataId": "73e76f2b-c3a1-446b-9173-cea6b6bfd6a4"
                    },
                    "type": "OpenApiConnection",
                    "inputs": {
                      "host": {
                        "connectionName": "shared_commondataserviceforapps",
                        "operationId": "ListRecords",
                        "apiId": "/providers/Microsoft.PowerApps/apis/shared_commondataserviceforapps"
                      },
                      "parameters": {
                        "entityName": "@outputs('EntitySetName')",
                        "$select": "ya_column01,ya_column02,ya_column03,ya_column06,ya_column12,ya_column14,ya_e"
                      },
                      "authentication": {
                        "type": "Raw",
                        "value": "@json(decodeBase64(triggerOutputs().headers['X-MS-APIM-Tokens']))['$ConnectionKey']"
                      }
                    },
                    "description": "outputs('EntitySetName')"
                  }
                },
                "runAfter": {
                  "行数の制限": [
                    "Succeeded"
                  ]
                },
                "metadata": {
                  "operationMetadataId": "7715e8e0-a840-48e2-b6d7-91fedb70f425"
                },
                "type": "Scope"
              },
              "テーブルの結合（多対一）": {
                "actions": {
                  "テーブルの結合（多対一）_行を一覧にする": {
                    "runAfter": {},
                    "metadata": {
                      "operationMetadataId": "bf994ed1-6fcb-453e-b3a6-76c563f3679d"
                    },
                    "type": "OpenApiConnection",
                    "inputs": {
                      "host": {
                        "connectionName": "shared_webcontents",
                        "operationId": "InvokeHttp",
                        "apiId": "/providers/Microsoft.PowerApps/apis/shared_webcontents"
                      },
                      "parameters": {
                        "request/method": "GET",
                        "request/url": "@{outputs('OrganizationURI')}/api/data/v9.2/@{outputs('EntitySetName')}?$select=ya_column01,ya_e,createdby&$expand=createdby($select=fullname,internalemailaddress)",
                        "request/headers": {
                          "Content-Type": "application/json; charset=utf-8",
                          "OData-MaxVersion": "4.0",
                          "OData-Version": "4.0",
                          "Accept": "application/json",
                          "Prefer": "odata.include-annotations=\"OData.Community.Display.V1.FormattedValue\""
                        }
                      },
                      "authentication": {
                        "type": "Raw",
                        "value": "@json(decodeBase64(triggerOutputs().headers['X-MS-APIM-Tokens']))['$ConnectionKey']"
                      }
                    },
                    "description": "@{outputs('OrganizationURI')}/api/data/v9.2/@{outputs('EntitySetName')}?$select=ya_column01,ya_e,createdby&$expand=createdby($select=fullname,internalemailaddress)"
                  },
                  "テーブルの結合（多対一）_行を一覧にする_bak": {
                    "runAfter": {},
                    "metadata": {
                      "operationMetadataId": "4b88d2e8-4f1c-4e4d-9bab-bbaa25dddcd0"
                    },
                    "type": "OpenApiConnection",
                    "inputs": {
                      "host": {
                        "connectionName": "shared_commondataserviceforapps",
                        "operationId": "ListRecords",
                        "apiId": "/providers/Microsoft.PowerApps/apis/shared_commondataserviceforapps"
                      },
                      "parameters": {
                        "entityName": "@outputs('EntitySetName')",
                        "$select": "ya_column01,ya_e,createdby",
                        "$expand": "createdby($select=fullname,internalemailaddress)"
                      },
                      "authentication": {
                        "type": "Raw",
                        "value": "@json(decodeBase64(triggerOutputs().headers['X-MS-APIM-Tokens']))['$ConnectionKey']"
                      }
                    },
                    "description": "outputs('EntitySetName')"
                  }
                },
                "runAfter": {
                  "列の制限": [
                    "Succeeded"
                  ]
                },
                "metadata": {
                  "operationMetadataId": "01e86f34-2df3-4e27-aabc-20cdcbbb2e0b"
                },
                "type": "Scope",
                "description": "$expandには、子テーブルの検索列の論理名（小文字単数形）を指定する"
              },
              "行の並べ替え": {
                "actions": {
                  "行の並べ替え_行を一覧にする": {
                    "runAfter": {},
                    "metadata": {
                      "operationMetadataId": "bf994ed1-6fcb-453e-b3a6-76c563f3679d"
                    },
                    "type": "OpenApiConnection",
                    "inputs": {
                      "host": {
                        "connectionName": "shared_webcontents",
                        "operationId": "InvokeHttp",
                        "apiId": "/providers/Microsoft.PowerApps/apis/shared_webcontents"
                      },
                      "parameters": {
                        "request/method": "GET",
                        "request/url": "@{outputs('OrganizationURI')}/api/data/v9.2/@{outputs('EntitySetName')}?$orderby=createdon desc,ya_column14 asc",
                        "request/headers": {
                          "Content-Type": "application/json; charset=utf-8",
                          "OData-MaxVersion": "4.0",
                          "OData-Version": "4.0",
                          "Accept": "application/json",
                          "Prefer": "odata.include-annotations=\"OData.Community.Display.V1.FormattedValue\""
                        }
                      },
                      "authentication": {
                        "type": "Raw",
                        "value": "@json(decodeBase64(triggerOutputs().headers['X-MS-APIM-Tokens']))['$ConnectionKey']"
                      }
                    },
                    "description": "@{outputs('OrganizationURI')}/api/data/v9.2/@{outputs('EntitySetName')}?$orderby=createdon desc,ya_column14 asc"
                  },
                  "行の並べ替え_行を一覧にする_bak": {
                    "runAfter": {},
                    "metadata": {
                      "operationMetadataId": "73e76f2b-c3a1-446b-9173-cea6b6bfd6a4"
                    },
                    "type": "OpenApiConnection",
                    "inputs": {
                      "host": {
                        "connectionName": "shared_commondataserviceforapps",
                        "operationId": "ListRecords",
                        "apiId": "/providers/Microsoft.PowerApps/apis/shared_commondataserviceforapps"
                      },
                      "parameters": {
                        "entityName": "@outputs('EntitySetName')",
                        "$filter": "createdon ne null",
                        "$orderby": "createdon desc,ya_column14 asc"
                      },
                      "authentication": {
                        "type": "Raw",
                        "value": "@json(decodeBase64(triggerOutputs().headers['X-MS-APIM-Tokens']))['$ConnectionKey']"
                      }
                    },
                    "description": "outputs('EntitySetName') 「createdon ne null」は警告避けのための指定で行の並べ替えとは無関係"
                  }
                },
                "runAfter": {
                  "テーブルの結合（多対一）": [
                    "Succeeded"
                  ]
                },
                "metadata": {
                  "operationMetadataId": "7715e8e0-a840-48e2-b6d7-91fedb70f425"
                },
                "type": "Scope"
              },
              "行のフィルター": {
                "actions": {
                  "行のフィルター_行を一覧にする": {
                    "runAfter": {},
                    "metadata": {
                      "operationMetadataId": "bf994ed1-6fcb-453e-b3a6-76c563f3679d"
                    },
                    "type": "OpenApiConnection",
                    "inputs": {
                      "host": {
                        "connectionName": "shared_webcontents",
                        "operationId": "InvokeHttp",
                        "apiId": "/providers/Microsoft.PowerApps/apis/shared_webcontents"
                      },
                      "parameters": {
                        "request/method": "GET",
                        "request/url": "@{outputs('OrganizationURI')}/api/data/v9.2/@{outputs('EntitySetName')}?$filter=( ya_column14 eq 4563 and ya_column14 ne null ) or (ya_column14 gt 9998 and ya_column14 ge 9999 and ya_column14 lt 0 and (not (ya_column14 le -1)))",
                        "request/headers": {
                          "Content-Type": "application/json; charset=utf-8",
                          "OData-MaxVersion": "4.0",
                          "OData-Version": "4.0",
                          "Accept": "application/json",
                          "Prefer": "odata.include-annotations=\"OData.Community.Display.V1.FormattedValue\""
                        }
                      },
                      "authentication": {
                        "type": "Raw",
                        "value": "@json(decodeBase64(triggerOutputs().headers['X-MS-APIM-Tokens']))['$ConnectionKey']"
                      }
                    },
                    "description": "@{outputs('OrganizationURI')}/api/data/v9.2/@{outputs('EntitySetName')}?$filter=( ya_column14 eq 4563 and ya_column14 ne null ) or (ya_column14 gt 9998 and ya_column14 ge 9999 and ya_column14 lt 0 and (not (ya_column14 le -1)))"
                  },
                  "行のフィルター_行を一覧にする_bak": {
                    "runAfter": {},
                    "metadata": {
                      "operationMetadataId": "73e76f2b-c3a1-446b-9173-cea6b6bfd6a4"
                    },
                    "type": "OpenApiConnection",
                    "inputs": {
                      "host": {
                        "connectionName": "shared_commondataserviceforapps",
                        "operationId": "ListRecords",
                        "apiId": "/providers/Microsoft.PowerApps/apis/shared_commondataserviceforapps"
                      },
                      "parameters": {
                        "entityName": "@outputs('EntitySetName')",
                        "$filter": "( ya_column14 eq 4563 and ya_column14 ne null ) or (ya_column14 gt 9998 and ya_column14 ge 9999 and ya_column14 lt 0 and (not (ya_column14 le -1)))"
                      },
                      "authentication": {
                        "type": "Raw",
                        "value": "@json(decodeBase64(triggerOutputs().headers['X-MS-APIM-Tokens']))['$ConnectionKey']"
                      }
                    },
                    "description": "outputs('EntitySetName')"
                  }
                },
                "runAfter": {
                  "行の並べ替え": [
                    "Succeeded"
                  ]
                },
                "metadata": {
                  "operationMetadataId": "7715e8e0-a840-48e2-b6d7-91fedb70f425"
                },
                "type": "Scope"
              },
              "行のフィルター（文字列値）": {
                "actions": {
                  "行のフィルター（文字列値）_行を一覧にする": {
                    "runAfter": {},
                    "metadata": {
                      "operationMetadataId": "bf994ed1-6fcb-453e-b3a6-76c563f3679d"
                    },
                    "type": "OpenApiConnection",
                    "inputs": {
                      "host": {
                        "connectionName": "shared_webcontents",
                        "operationId": "InvokeHttp",
                        "apiId": "/providers/Microsoft.PowerApps/apis/shared_webcontents"
                      },
                      "parameters": {
                        "request/method": "GET",
                        "request/url": "@{outputs('OrganizationURI')}/api/data/v9.2/@{outputs('EntitySetName')}?$filter=(ya_e eq 'runa6490@HJZDAY.HF' and endswith(ya_column12 ,'県')) or (ya_column01 eq 'O''Bryan') or contains(ya_e,'24%26%%2B%2C%2F%3A%3B%3D%3F40%') or startswith(ya_column01 ,'Inc.') or (ya_column01 eq '[A-Z]%_[^0-9][a-z]')",
                        "request/headers": {
                          "Content-Type": "application/json; charset=utf-8",
                          "OData-MaxVersion": "4.0",
                          "OData-Version": "4.0",
                          "Accept": "application/json",
                          "Prefer": "odata.include-annotations=\"OData.Community.Display.V1.FormattedValue\""
                        }
                      },
                      "authentication": {
                        "type": "Raw",
                        "value": "@json(decodeBase64(triggerOutputs().headers['X-MS-APIM-Tokens']))['$ConnectionKey']"
                      }
                    },
                    "description": "@{outputs('OrganizationURI')}/api/data/v9.2/@{outputs('EntitySetName')}?$filter=(ya_e eq 'runa6490@HJZDAY.HF' and endswith(ya_column12 ,'県')) or (ya_column01 eq 'O''Bryan') or contains(ya_e,'24%26%%2B%2C%2F%3A%3B%3D%3F40%') or startswith(ya_column01 "
                  },
                  "行のフィルター（文字列値）_行を一覧にする_bak": {
                    "runAfter": {},
                    "metadata": {
                      "operationMetadataId": "73e76f2b-c3a1-446b-9173-cea6b6bfd6a4"
                    },
                    "type": "OpenApiConnection",
                    "inputs": {
                      "host": {
                        "connectionName": "shared_commondataserviceforapps",
                        "operationId": "ListRecords",
                        "apiId": "/providers/Microsoft.PowerApps/apis/shared_commondataserviceforapps"
                      },
                      "parameters": {
                        "entityName": "@outputs('EntitySetName')",
                        "$filter": "(ya_e eq 'runa6490@HJZDAY.HF' and endswith(ya_column12 ,'県')) or (ya_column01 eq 'O''Bryan') or contains(ya_e,'24%26%%2B%2C%2F%3A%3B%3D%3F40%') or startswith(ya_column01 ,'Inc.') or (ya_column01 eq '[A-Z]%_[^0-9][a-z]')"
                      },
                      "authentication": {
                        "type": "Raw",
                        "value": "@json(decodeBase64(triggerOutputs().headers['X-MS-APIM-Tokens']))['$ConnectionKey']"
                      }
                    },
                    "description": "outputs('EntitySetName')"
                  }
                },
                "runAfter": {
                  "行のフィルター": [
                    "Succeeded"
                  ]
                },
                "metadata": {
                  "operationMetadataId": "7715e8e0-a840-48e2-b6d7-91fedb70f425"
                },
                "type": "Scope"
              },
              "Dataverseクエリ関数": {
                "runAfter": {
                  "行のフィルター（文字列値）": [
                    "Succeeded"
                  ]
                },
                "metadata": {
                  "operationMetadataId": "f12c0ca3-0903-4683-811a-7f4094d7cbaf"
                },
                "type": "Compose",
                "inputs": "Group\t関数\n日付\tInFiscalPeriod、InFiscalPeriodAndYear、InFiscalYear、InOrAfterFiscalPeriodAndYear、InOrBeforeFiscalPeriodAndYear、Last7Days、LastFiscalPeriod、LastFiscalYear、LastMonth、LastWeek、LastXDays、LastXFiscalPeriods、LastXFiscalYears、LastXHours、LastXMonths、LastXWeeks、LastXYears、LastYear、Next7Days、NextFiscalPeriod、NextFiscalYear、NextMonth、NextWeek、NextXDays、NextXFiscalPeriods、NextXFiscalYears、NextXHours、NextXMonths、NextXWeeks、NextXYears、NextYear、OlderThanXDays、OlderThanXHours、OlderThanXMinutes、OlderThanXMonths、OlderThanXWeeks、OlderThanXYears、On、OnOrAfter、OnOrBefore、ThisFiscalPeriod、ThisFiscalYear、ThisMonth、ThisWeek、ThisYear、Today、Tomorrow、Yesterday\nID 値\tEqualBusinessId、EqualUserId、NotEqualBusinessId、NotEqualUserId\n階層\tAbove、AboveOrEqual、EqualUserOrUserHierarchy、EqualUserOrUserHierarchyAndTeams、EqualUserOrUserTeams、EqualUserTeams、NotUnder、Under、UnderOrEqual\n選択肢の列\tContainValues、DoesNotContainValues\n次の範囲内\tBetween、NotBetween\n後\tIn、NotIn\n言語\tEqualUserLanguage\n\n\n\nGET [Organization URI]/api/data/v9.2/accounts?$select=name,numberofemployees&$filter=Microsoft.Dynamics.CRM.Between(PropertyName='numberofemployees',PropertyValues=[\"5\",\"2000\"])"
              },
              "行のフィルター（関連テーブル）": {
                "actions": {
                  "行のフィルター（関連テーブル）_行を一覧にする": {
                    "runAfter": {},
                    "metadata": {
                      "operationMetadataId": "bf994ed1-6fcb-453e-b3a6-76c563f3679d"
                    },
                    "type": "OpenApiConnection",
                    "inputs": {
                      "host": {
                        "connectionName": "shared_webcontents",
                        "operationId": "InvokeHttp",
                        "apiId": "/providers/Microsoft.PowerApps/apis/shared_webcontents"
                      },
                      "parameters": {
                        "request/method": "GET",
                        "request/url": "@{outputs('OrganizationURI')}/api/data/v9.2/@{outputs('EntitySetName')}?$top=1&$filter=createdby/fullname eq 'Aw Admin' or createdby/fullname eq 'System Administrator'",
                        "request/headers": {
                          "Content-Type": "application/json; charset=utf-8",
                          "OData-MaxVersion": "4.0",
                          "OData-Version": "4.0",
                          "Accept": "application/json",
                          "Prefer": "odata.include-annotations=\"OData.Community.Display.V1.FormattedValue\""
                        }
                      },
                      "authentication": {
                        "type": "Raw",
                        "value": "@json(decodeBase64(triggerOutputs().headers['X-MS-APIM-Tokens']))['$ConnectionKey']"
                      }
                    },
                    "description": "@{outputs('OrganizationURI')}/api/data/v9.2/@{outputs('EntitySetName')}?$filter=createdby/fullname eq 'Aw Admin' or createdby/fullname eq 'System Administrator'"
                  },
                  "行のフィルター（関連テーブル）_行を一覧にする_bak": {
                    "runAfter": {},
                    "metadata": {
                      "operationMetadataId": "73e76f2b-c3a1-446b-9173-cea6b6bfd6a4"
                    },
                    "type": "OpenApiConnection",
                    "inputs": {
                      "host": {
                        "connectionName": "shared_commondataserviceforapps",
                        "operationId": "ListRecords",
                        "apiId": "/providers/Microsoft.PowerApps/apis/shared_commondataserviceforapps"
                      },
                      "parameters": {
                        "entityName": "@outputs('EntitySetName')",
                        "$filter": "createdby/fullname eq 'Aw Admin' or createdby/fullname eq 'System Administrator'",
                        "$top": 1
                      },
                      "authentication": {
                        "type": "Raw",
                        "value": "@json(decodeBase64(triggerOutputs().headers['X-MS-APIM-Tokens']))['$ConnectionKey']"
                      }
                    },
                    "description": "outputs('EntitySetName')"
                  }
                },
                "runAfter": {
                  "Dataverseクエリ関数": [
                    "Succeeded"
                  ]
                },
                "metadata": {
                  "operationMetadataId": "7715e8e0-a840-48e2-b6d7-91fedb70f425"
                },
                "type": "Scope"
              }
            }
          },
          "expression": {
            "equals": [
              1,
              1
            ]
          },
          "metadata": {
            "operationMetadataId": "b4287a09-17c4-46df-a8b0-962f61eaee1b"
          },
          "type": "If"
        },
        "データの集計": {
          "actions": {
            "データの集計_行を一覧にする": {
              "runAfter": {},
              "metadata": {
                "operationMetadataId": "bf994ed1-6fcb-453e-b3a6-76c563f3679d"
              },
              "type": "OpenApiConnection",
              "inputs": {
                "host": {
                  "connectionName": "shared_webcontents",
                  "operationId": "InvokeHttp",
                  "apiId": "/providers/Microsoft.PowerApps/apis/shared_webcontents"
                },
                "parameters": {
                  "request/method": "GET",
                  "request/url": "@{outputs('OrganizationURI')}/api/data/v9.2/@{outputs('EntitySetName')}?$filter=ya_column06 ne null&$apply=groupby((ya_column06),aggregate($count as count))",
                  "request/headers": {
                    "Content-Type": "application/json; charset=utf-8",
                    "OData-MaxVersion": "4.0",
                    "OData-Version": "4.0",
                    "Accept": "application/json",
                    "Prefer": "odata.include-annotations=\"OData.Community.Display.V1.FormattedValue\""
                  }
                },
                "authentication": {
                  "type": "Raw",
                  "value": "@json(decodeBase64(triggerOutputs().headers['X-MS-APIM-Tokens']))['$ConnectionKey']"
                }
              },
              "description": "@{outputs('OrganizationURI')}/api/data/v9.2/@{outputs('EntitySetName')}?$filter=ya_column06 ne null&$apply=groupby((ya_column06),aggregate($count as count))"
            }
          },
          "runAfter": {
            "条件": [
              "Succeeded"
            ]
          },
          "metadata": {
            "operationMetadataId": "7715e8e0-a840-48e2-b6d7-91fedb70f425"
          },
          "type": "Scope",
          "description": "https://learn.microsoft.com/ja-jp/power-apps/developer/data-platform/webapi/query-data-web-api#%E3%83%87%E3%83%BC%E3%82%BF%E3%81%AE%E9%9B%86%E8%A8%88"
        }
      }
    },
    "templateName": ""
  },
  "schemaVersion": "1.0.0.0"
}